p,K,K_index,direction,restart_id,init_mode,seed,energy,E_exact,err_pct,fidelity,Q_tot2,n_iter,converged,hit_maxiter,diverged,is_best,warm_won
0.0,4.0,0,up,0,random,130000.0,-11.55988676175387,-11.566039684876383,0.0531981844274748,0.9998713768597935,-9.367507101147017e-17,4000,False,True,False,False,
0.0,4.0,0,up,1,random,130001.0,-11.55999194365022,-11.566039684876383,0.0522887815617079,0.9998743861508552,-1.1451885446167288e-15,2521,True,False,False,False,
0.0,4.0,0,up,2,random,130002.0,-11.558957405329071,-11.566039684876383,0.0612334017543853,0.9998528059593478,-3.539378124427829e-16,4000,False,True,False,False,
0.0,4.0,0,up,3,random,130003.0,-11.55999205175176,-11.566039684876383,0.0522878469155965,0.9998743885077984,-9.483516402730713e-16,3143,True,False,False,False,
0.0,4.0,0,up,4,random,130004.0,-11.559992444465582,-11.566039684876383,0.0522844515111793,0.9998744093524872,-1.5175577808279617e-15,3165,True,False,False,True,
0.0,4.0,0,up,5,random,130005.0,-11.559992170404977,-11.566039684876383,0.0522868210396832,0.9998743971351888,-1.2382130910870713e-15,2004,True,False,False,False,
0.0,4.0,0,up,6,random,130006.0,-11.559476962399524,-11.566039684876383,0.0567413103850987,0.999864431771014,-3.710139834245399e-16,4000,False,True,False,False,
0.0,4.0,0,up,7,random,130007.0,-11.5599911535192,-11.566039684876383,0.0522956130359197,0.9998743810565444,-1.0868042576994704e-15,3055,True,False,False,False,
0.0,4.25,1,up,0,warm,,-9.559992457531688,-9.56603968487636,0.0632155786916937,0.9998744071532584,-6.416308456639971e-16,179,True,False,False,True,True
0.0,4.25,1,up,1,random,130100.0,-9.559990484101688,-9.56603968487636,0.063236208231877,0.999874319376966,-8.718069666887996e-16,3461,True,False,False,False,True
0.0,4.25,1,up,2,random,130101.0,-9.559991241340212,-9.56603968487636,0.0632282923278115,0.9998743887359748,-5.01253769394361e-16,4000,False,True,False,False,True
0.0,4.25,1,up,3,random,130102.0,-9.559992415678986,-9.56603968487636,0.0632160162050641,0.9998744111472676,1.7379760824942646e-16,1539,True,False,False,False,True
0.0,4.5,2,up,0,warm,,-7.559992476613716,-7.566039684876367,0.0799256746530014,0.999874412812274,-9.542063320044928e-16,180,True,False,False,True,True
0.0,4.5,2,up,1,random,130200.0,-7.559991027835752,-7.566039684876367,0.0799448230850029,0.9998743603900412,-1.2382673011956956e-15,3688,True,False,False,False,True
0.0,4.5,2,up,2,random,130201.0,-7.559991708811542,-7.566039684876367,0.0799358226591687,0.999874379546394,-1.0090127518236357e-15,3743,True,False,False,False,True
0.0,4.5,2,up,3,random,130202.0,-7.559864960107789,-7.566039684876367,0.0816110544717432,0.9998624403131858,-7.047314121155789e-17,4000,False,True,False,False,True
0.0,4.75,3,up,0,warm,,-5.559992506913464,-5.566039684876356,0.1086441762052662,0.9998744117698444,-9.982249402074045e-16,181,True,False,False,True,True
0.0,4.75,3,up,1,random,130300.0,-5.559991778695484,-5.566039684876356,0.1086572594389562,0.9998744026744696,-1.2229800505636502e-16,3418,True,False,False,False,True
0.0,4.75,3,up,2,random,130301.0,-5.554786039033128,-5.566039684876356,0.2021840748603598,0.9995862152568864,-2.764173438751794e-16,4000,False,True,False,False,True
0.0,4.75,3,up,3,random,130302.0,-5.559992011282464,-5.566039684876356,0.1086530807590857,0.999874336342513,-7.601341431295877e-16,2758,True,False,False,False,True
0.0,5.0,4,up,0,warm,,-3.5599925313897027,-3.5660396848763805,0.1695761691134223,0.9998744096635764,-6.060690144129349e-16,179,True,False,False,True,True
0.0,5.0,4,up,1,random,130400.0,-3.5508880385941666,-3.5660396848763805,0.4248872032039409,0.997943293192903,6.608212241299154e-16,4000,False,True,False,False,True
0.0,5.0,4,up,2,random,130401.0,-3.559991925641819,-3.5660396848763805,0.1695931556850082,0.999874265212435,-4.3709610584076253e-16,3352,True,False,False,False,True
0.0,5.0,4,up,3,random,130402.0,-3.559992403828808,-3.5660396848763805,0.1695797462159353,0.999874391847504,9.524716085931401e-17,3756,True,False,False,False,True
0.0,5.25,5,up,0,warm,,-1.559992571243646,-1.5660396848763014,0.3861405104260222,0.9998744037647448,-4.2554935270056074e-16,183,True,False,False,True,True
0.0,5.25,5,up,1,random,130500.0,1.0000000560284712,-1.5660396848763014,163.8553457926872,9.228125663629787e-10,-4.904930628324432e-16,1101,True,False,False,False,True
0.0,5.25,5,up,2,random,130501.0,1.000005296274086,-1.5660396848763014,163.85568041036422,3.623757729126239e-07,-8.47412422150574e-16,2291,True,False,False,False,True
0.0,5.25,5,up,3,random,130502.0,0.9477483575402752,-1.5660396848763014,160.51879570441002,0.1883750157014317,4.907130796404919e-16,4000,False,True,False,False,True
0.0,5.5,6,up,0,warm,,0.4400073980560979,0.4339603151236701,1.3934644993297205,0.9998744034272022,-4.406197629013403e-16,179,True,False,False,True,True
0.0,5.5,6,up,1,random,130600.0,0.5802590805551179,0.4339603151236701,33.712475618825984,0.7534272948693523,-9.992820373255779e-16,4000,False,True,False,False,True
0.0,5.5,6,up,2,random,130601.0,1.001465041079811,0.4339603151236701,130.77341548948158,0.000810446572006,2.45084854002414e-16,4000,False,True,False,False,True
0.0,5.5,6,up,3,random,130602.0,1.0010321756373126,0.4339603151236701,130.67366778735013,0.0004901812668067,-8.990324057912106e-16,4000,False,True,False,False,True
0.0,5.75,7,up,0,warm,,2.440007373061276,0.9999999999999852,144.00073730613124,1.322124222689212e-08,-1.0791064222748235e-15,178,True,False,False,False,False
0.0,5.75,7,up,1,random,130700.0,1.0005514273569165,0.9999999999999852,0.0551427356931152,0.9999480494927504,-9.280782772578578e-16,4000,False,True,False,False,False
0.0,5.75,7,up,2,random,130701.0,1.0000004054710914,0.9999999999999852,4.0547110624623065e-05,0.9999999759805694,-1.1162945560155941e-15,1454,True,False,False,True,False
0.0,5.75,7,up,3,random,130702.0,1.0008148500327698,0.9999999999999852,0.0814850032784709,0.9998317179456008,-2.2160287724303844e-16,4000,False,True,False,False,False
0.0,6.0,8,up,0,warm,,1.0000002774089751,0.999999999999998,2.7740897723394e-05,0.9999999797440936,-4.098284209668764e-16,191,True,False,False,True,True
0.0,6.0,8,up,1,random,130800.0,1.0003152940036202,0.999999999999998,0.0315294003622291,0.9999925745336328,-6.878176001444535e-16,4000,False,True,False,False,True
0.0,6.0,8,up,2,random,130801.0,1.0000010941406494,0.999999999999998,0.0001094140651525,0.9999999321721076,-5.421010827272348e-16,2732,True,False,False,False,True
0.0,6.0,8,up,3,random,130802.0,1.0001116207201053,0.999999999999998,0.0111620720107397,0.999994887502966,-3.178877725702724e-16,4000,False,True,False,False,True
0.0,6.25,9,up,0,warm,,1.0000002829066044,1.0000000000000062,2.8290659814800102e-05,0.9999999820227132,-3.148523108380917e-16,202,True,False,False,True,True
0.0,6.25,9,up,1,random,130900.0,1.0005191077051685,1.0000000000000062,0.0519107705162277,0.9999777249441396,1.57426678223043e-16,4000,False,True,False,False,True
0.0,6.25,9,up,2,random,130901.0,1.0000067588994654,1.0000000000000062,0.0006758899459224,0.9999995769121116,-1.0364975757151416e-16,4000,False,True,False,False,True
0.0,6.25,9,up,3,random,130902.0,1.0000030874151524,1.0000000000000062,0.0003087415146207,0.9999998535034378,-1.7195446307761578e-15,3833,True,False,False,False,True
0.0,6.5,10,up,0,warm,,1.000000275082871,1.0000000000000075,2.7508286337685e-05,0.9999999852806538,5.0306980725779316e-17,200,True,False,False,True,True
0.0,6.5,10,up,1,random,131000.0,1.0002565825188638,1.0000000000000075,0.0256582518856294,0.9999948462933008,-9.471590157119884e-16,4000,False,True,False,False,True
0.0,6.5,10,up,2,random,131001.0,1.0012683167335152,1.0000000000000075,0.1268316733507681,0.9999263333696669,6.77843304117056e-16,4000,False,True,False,False,True
0.0,6.5,10,up,3,random,131002.0,1.001027476293332,1.0000000000000075,0.1027476293324439,0.9999632141823226,2.9490287919497567e-16,4000,False,True,False,False,True
0.0,6.75,11,up,0,warm,,1.000000248665282,1.0000000000000249,2.48665257274177e-05,0.999999988208236,-4.518954654919585e-16,202,True,False,False,True,True
0.0,6.75,11,up,1,random,131100.0,1.0000122303958374,1.0000000000000249,0.0012230395812551,0.9999997434115726,1.5048726154098826e-16,4000,False,True,False,False,True
0.0,6.75,11,up,2,random,131101.0,1.0006923618081291,1.0000000000000249,0.0692361808104263,0.9999679880856078,-3.625600652129267e-16,4000,False,True,False,False,True
0.0,6.75,11,up,3,random,131102.0,1.0000300116359822,1.0000000000000249,0.0030011635957282,0.9999992174400232,-4.137315444709753e-16,4000,False,True,False,False,True
0.0,7.0,12,up,0,warm,,1.0000002441633642,1.0000000000000149,2.4416334953869164e-05,0.9999999899278512,-2.9707139537735074e-16,198,True,False,False,True,True
0.0,7.0,12,up,1,random,131200.0,1.0003321282616553,1.0000000000000149,0.0332128261640635,0.9999908434839268,-5.4643758060418707e-17,4000,False,True,False,False,True
0.0,7.0,12,up,2,random,131201.0,1.000241156164023,1.0000000000000149,0.0241156164008323,0.9999895315159558,-3.417407067471661e-16,4000,False,True,False,False,True
0.0,7.0,12,up,3,random,131202.0,1.00060745327323,1.0000000000000149,0.0607453273215421,0.9999758441917168,-7.203434204735573e-16,4000,False,True,False,False,True
0.0,7.0,12,down,0,random,150000,1.0001356897673057,1.0000000000000147,0.013568976729105644,0.9999960768888927,-9.814197709651174e-16,4000,False,True,False,False,
0.0,7.0,12,down,1,random,150001,1.0000543069230063,1.0000000000000147,0.005430692299168626,0.9999977233651094,2.072994024396693e-16,4000,False,True,False,False,
0.0,7.0,12,down,2,random,150002,1.0000038928052106,1.0000000000000147,0.00038928051959707374,0.9999997782041069,-2.7191789896570324e-16,3532,True,False,False,False,
0.0,7.0,12,down,3,random,150003,1.0000117445567043,1.0000000000000147,0.0011744556689618872,0.9999995391472395,-5.637851415314849e-16,3855,True,False,False,False,
0.0,7.0,12,down,4,random,150004,1.0000793930828094,1.0000000000000147,0.007939308279469754,0.9999972848684467,-8.595554906183142e-16,4000,False,True,False,False,
0.0,7.0,12,down,5,random,150005,1.0001494305367513,1.0000000000000147,0.014943053673665887,0.9999959547072893,-1.7260496104427383e-16,4000,False,True,False,False,
0.0,7.0,12,down,6,random,150006,1.0000014732579836,1.0000000000000147,0.0001473257968953568,0.9999999225431289,-4.4669129403005366e-17,3133,True,False,False,False,
0.0,7.0,12,down,7,random,150007,1.0000010327727165,1.0000000000000147,0.00010327727018033377,0.9999999529077725,2.8839777870832504e-16,2789,True,False,False,True,
0.0,6.75,11,down,0,warm,,1.0000008631151662,1.0000000000000249,8.631151413584843e-05,0.9999999573320153,7.042977290752352e-16,193,True,False,False,False,False
0.0,6.75,11,down,1,random,150100,1.000000283156258,1.0000000000000249,2.8315623312735033e-05,0.999999987626265,-2.9793875669528614e-16,1729,True,False,False,True,False
0.0,6.75,11,down,2,random,150101,1.0000013396538112,1.0000000000000249,0.000133965378634745,0.9999999640106947,-1.1366775595595835e-15,3107,True,False,False,False,False
0.0,6.75,11,down,3,random,150102,1.0000003783338902,1.0000000000000249,3.783338653473484e-05,0.9999999861572425,-5.169475957893902e-16,1961,True,False,False,False,False
0.0,6.5,10,down,0,warm,,1.0000000520416306,1.0000000000000075,5.204162301097842e-06,0.9999999961129729,-9.397864431912156e-16,251,True,False,False,True,True
0.0,6.5,10,down,1,random,150200,1.000000127643914,1.0000000000000075,1.2764390655561802e-05,0.9999999942737469,-1.0534108307158315e-15,894,True,False,False,False,True
0.0,6.5,10,down,2,random,150201,1.0001841582171218,1.0000000000000075,0.018415821711425945,0.9999925416602231,-8.521828943387047e-16,4000,False,True,False,False,True
0.0,6.5,10,down,3,random,150202,1.0000155536900546,1.0000000000000075,0.0015553690047020888,0.9999995725398656,6.678685391041011e-16,4000,False,True,False,False,True
0.0,6.25,9,down,0,warm,,1.0000000237035966,1.0000000000000062,2.3703590423806838e-06,0.9999999972789098,-1.871332949894159e-15,219,True,False,False,True,True
0.0,6.25,9,down,1,random,150300,1.0000014011474896,1.0000000000000062,0.00014011474833708262,0.9999999000721647,5.464378930198393e-16,3445,True,False,False,False,True
0.0,6.25,9,down,2,random,150301,1.000001126621612,1.0000000000000062,0.00011266216057847985,0.9999999417885965,-4.445228893231897e-16,3535,True,False,False,False,True
0.0,6.25,9,down,3,random,150302,1.0000022721739241,1.0000000000000062,0.00022721739179054482,0.9999999216016278,-1.7494686162685284e-15,2453,True,False,False,False,True
0.0,6.0,8,down,0,warm,,1.0000000088220964,0.9999999999999979,8.822098496175119e-07,0.9999999983292633,-4.0766001683072143e-16,232,True,False,False,True,True
0.0,6.0,8,down,1,random,150400,1.0000009631886033,0.9999999999999979,9.631886054295457e-05,0.9999999461542088,4.228388476829372e-16,3691,True,False,False,False,True
0.0,6.0,8,down,2,random,150401,1.0000003975901186,0.9999999999999979,3.975901207153862e-05,0.9999999886625089,-7.428953286129169e-16,2328,True,False,False,False,True
0.0,6.0,8,down,3,random,150402,1.0002715269198565,0.9999999999999979,0.02715269198586562,0.9999840201799589,-3.3610209444407147e-16,4000,False,True,False,False,True
0.0,5.75,7,down,0,warm,,1.000000005129106,0.9999999999999851,5.129120905778071e-07,0.9999999983303004,1.0343288725422863e-15,229,True,False,False,True,True
0.0,5.75,7,down,1,random,150500,1.0016836374400153,0.9999999999999851,0.16836374400302198,0.9998059818474614,-8.400483929813883e-16,4000,False,True,False,False,True
0.0,5.75,7,down,2,random,150501,1.001358275847561,0.9999999999999851,0.1358275847575883,0.9995134891703208,-4.2804831165198614e-16,4000,False,True,False,False,True
0.0,5.75,7,down,3,random,150502,1.0156724744069467,0.9999999999999851,1.5672474406961856,0.9898276962043606,-7.389515431846522e-16,4000,False,True,False,False,True
0.0,5.5,6,down,0,warm,,1.0000000015678678,0.43396031512367017,130.43581791180316,1.6431551136021992e-09,-3.981190377916079e-16,225,True,False,False,False,False
0.0,5.5,6,down,1,random,150600,0.4651498791015864,0.43396031512367017,7.18719267429507,0.9566240378811091,-4.42354486374086e-16,4000,False,True,False,True,False
0.0,5.5,6,down,2,random,150601,1.0000489702665218,0.43396031512367017,130.4471020539119,1.706523061100438e-05,-4.3975213646232537e-16,4000,False,True,False,False,False
0.0,5.5,6,down,3,random,150602,1.0000021137673816,0.43396031512367017,130.43630463822495,3.3030973098331507e-07,1.0668550990259577e-16,3882,True,False,False,False,False
0.0,5.25,5,down,0,warm,,-1.5599914553828722,-1.5660396848763014,0.3862117640975964,0.9998742336384439,-5.819184110272826e-16,2892,True,False,False,True,True
0.0,5.25,5,down,1,random,150700,-0.23045481963273817,-1.5660396848763014,85.28422862726232,0.5843277059287995,-1.1406077905090636e-15,4000,False,True,False,False,True
0.0,5.25,5,down,2,random,150701,-1.5599911591391378,-1.5660396848763014,0.38623068084263756,0.9998739831162218,-7.79649782234327e-16,3532,True,False,False,False,True
0.0,5.25,5,down,3,random,150702,1.000004137056367,-1.5660396848763014,163.85560638812007,4.831672196997735e-07,-1.3535179987483498e-15,3734,True,False,False,False,True
0.0,5.0,4,down,0,warm,,-3.559992202925372,-3.5660396848763805,0.1695853800129039,0.9998743933031421,-1.0061396160406993e-15,459,True,False,False,True,True
0.0,5.0,4,down,1,random,150800,-3.5598544300097417,-3.5660396848763805,0.17344885119676412,0.9998624105724179,-1.8135449606816143e-15,4000,False,True,False,False,True
0.0,5.0,4,down,2,random,150801,-3.5577172038722167,-3.5660396848763805,0.23338161488946746,0.9995735843017625,-1.5422769286161415e-16,4000,False,True,False,False,True
0.0,5.0,4,down,3,random,150802,-3.5599905210021507,-3.5660396848763805,0.16963254502983502,0.9998743713505496,-1.2675407598536118e-15,4000,False,True,False,False,True
0.0,4.75,3,down,0,warm,,-5.559992237153125,-5.566039684876356,0.10864902274524413,0.9998744018720094,-8.858744900577447e-16,183,True,False,False,True,True
0.0,4.75,3,down,1,random,150900,-5.559991807454974,-5.566039684876356,0.10865674274321693,0.9998743801413983,-8.529418490943468e-16,2667,True,False,False,False,True
0.0,4.75,3,down,2,random,150901,-5.559784788076745,-5.566039684876356,0.11237607264292661,0.9998631965102268,-5.757384586441153e-16,4000,False,True,False,False,True
0.0,4.75,3,down,3,random,150902,-5.274053019426312,-5.566039684876356,5.2458602881220635,0.976994869521453,-1.6230506522108026e-16,4000,False,True,False,False,True
0.0,4.5,2,down,0,warm,,-7.559992309532762,-7.566039684876367,0.07992788295431197,0.9998744036390791,-3.9711615072086813e-16,187,True,False,False,True,True
0.0,4.5,2,down,1,random,151000,-7.559991040317509,-7.566039684876367,0.07994465811419281,0.9998743028458121,-1.1445651285420335e-15,4000,False,True,False,False,True
0.0,4.5,2,down,2,random,151001,-7.559992150539047,-7.566039684876367,0.07992998436696251,0.9998744034495077,-5.334274688224792e-16,3003,True,False,False,False,True
0.0,4.5,2,down,3,random,151002,-7.559990295692339,-7.566039684876367,0.07995449979095552,0.999874373583341,-1.194845004187651e-15,4000,False,True,False,False,True
0.0,4.25,1,down,0,warm,,-9.559992339399857,-9.56603968487636,0.0632168136001336,0.999874408091525,-7.034845796689187e-16,183,True,False,False,False,False
0.0,4.25,1,down,1,random,151100,-9.559992437600755,-9.56603968487636,0.06321578704263107,0.9998744153725072,9.627715291671287e-17,1427,True,False,False,True,False
0.0,4.25,1,down,2,random,151101,-9.559991795664027,-9.56603968487636,0.06322249762244175,0.9998743995912671,-7.641456911677841e-16,3141,True,False,False,False,False
0.0,4.25,1,down,3,random,151102,-9.552888565574646,-9.56603968487636,0.13747715601165159,0.9994562514311511,-8.537007906150866e-16,4000,False,True,False,False,False
0.0,4.0,0,down,0,warm,,-11.55999247009307,-11.566039684876385,0.05228422993587455,0.9998744155027841,4.2338094835558963e-16,179,True,False,False,True,True
0.0,4.0,0,down,1,random,151200,-11.5551369686184,-11.566039684876385,0.09426490445334097,0.9997479460599347,5.767955557622892e-17,4000,False,True,False,False,True
0.0,4.0,0,down,2,random,151201,-11.559992429162858,-11.566039684876385,0.05228458381856234,0.9998744146166441,-7.201812931704323e-17,1108,True,False,False,False,True
0.0,4.0,0,down,3,random,151202,-11.559992399730831,-11.566039684876385,0.05228483828791741,0.9998743965693622,-4.792173602256688e-16,1722,True,False,False,False,True
