p,K,E_lam1,E_lam2,E_lam3,E_mit_linear,E_exact,a,b,c,E_lam0,residual_floor
0.005,-16.0,-375.0143343126099,-372.1081727454888,-365.9232528805447,-379.5598750286425,-382.9999999999999,2412675.3931098804,-2413055.499453852,0.9999981162738361,-380.10634397156537,2.8936560284345205
0.005,-15.0,-352.2536933697659,-348.02408827090983,-343.0555268160007,-356.8527766466486,-358.99999999999966,2321200.302871296,-2321557.2787992004,0.9999980189648598,-356.97592790424824,2.0240720957514213
0.005,-14.0,-328.615790189079,-325.64158158633035,-319.9169127823157,-332.9652288924607,-335.0000000000001,2636611.636122479,-2636945.0598891824,0.9999983505506287,-333.4237667033449,1.5762332966552322
0.005,-13.0,-305.250461015703,-301.56946823271886,-297.30732867313696,-309.2220271869861,-311.0,2198830.253730138,-2199139.57259731,0.9999981940383771,-309.31886717211455,1.681132827885449
0.005,-12.0,-281.5893831175004,-278.9826321698958,-274.4590318159423,-285.15455876827946,-286.9999999999998,2234970.6789363017,-2235256.15298953,0.9999984050242547,-285.474053228274,1.5259467717257849
0.005,-11.0,-257.87398033634656,-255.84871303277455,-251.6193577386343,-261.0012916352027,-262.9999999999997,2106264.741048593,-2106526.109723088,0.9999985154127486,-261.3686744947918,1.6313255052079398
0.005,-10.0,-234.29651352555052,-232.5269691964518,-228.75430566095147,-237.06761745785008,-239.00000000000009,2215769.5332552483,-2216006.9346705256,0.9999987495184428,-237.40141527727246,1.5985847227276224
0.005,-9.0,-211.0015286082869,-209.32873012176103,-205.88387882732056,-213.56035349877004,-214.99999999999991,2108965.237827715,-2109179.093495263,0.9999987868204623,-213.85566754778847,1.1443324522114438
0.005,-8.0,-187.61251271518503,-186.05546435092808,-183.0338550232559,-189.90184156114958,-190.9999999999999,1511081.6461748276,-1511271.79208236,0.9999984851723653,-190.14590753242373,0.8540924675761516
0.005,-7.0,-163.83248678540943,-162.8031130471876,-160.17229750942067,-165.66258142340382,-167.00000000000009,1070000.0791847394,-1070166.0086682928,0.9999982899020818,-165.92948355339468,1.07051644660541
0.005,-6.0,-140.5782039616451,-139.53990465787248,-137.31059730379997,-142.21200729056767,-143.00000000000028,1010034.7241602086,-1010177.1346503107,0.9999983826633714,-142.41049010213464,0.5895098978656392
0.005,-5.0,-119.9783198471014,-118.32279569847432,-115.48846219788366,-122.22324867171028,-123.56603968487644,1360274.8435035856,-1360397.2631893703,0.9999983498088659,-122.41968578472733,1.1463539001491085
0.005,-4.0,-104.01207405987978,-102.32526773727564,-99.58792532073863,-106.22414842945037,-107.56603968487642,1534379.999953878,-1534486.399135179,0.9999985584405163,-106.39918130077422,1.1668583841021984
0.005,-3.0,-88.10384411790707,-86.36740090714751,-83.80143426421135,-90.25504904475491,-91.56603968487632,1161660.0258140191,-1161750.4191619847,0.9999981482890756,-90.3933479655534,1.1726917193229127
0.005,-2.0,-72.22982361370983,-70.43461932791807,-67.76692170869268,-74.4612745662184,-75.5660396848763,1297433.8259890191,-1297508.4327066913,0.9999982801953256,-74.60671767219901,0.9593220126772906
0.005,-1.0,-56.30114960245517,-54.54186512128043,-52.15169127181547,-58.37587876777502,-59.56603968487627,1086997.205057697,-1087055.68611161,0.9999980914114021,-58.48105391301215,1.084985771864126
0.005,0.0,-40.425330439000405,-38.82085659800458,-36.51949523969657,-42.37824803865232,-43.56603968487643,1089237.3734107795,-1089279.8677858245,0.9999982071554476,-42.49437504494563,1.0716646399308019
0.005,1.0,-26.76588958036122,-25.317321818546823,-23.15038555889647,-28.57364159109359,-35.56603968487625,1126245.348585908,-1126274.0419456584,0.9999983949297282,-28.693359750322998,6.872679934553254
0.005,2.0,-17.622155938443846,-16.4795567686932,-14.324699126394972,-19.270884344468286,-27.566039684876344,758342.1699771702,-758361.6095924801,0.9999978259228715,-19.439615309936926,8.126424374939418
0.005,3.0,-9.688107804616909,-8.332996462558185,-6.148521425701718,-11.457900994074503,-19.566039684876287,1092926.215814478,-1092937.8119287612,0.999998380705577,-11.596114283194765,7.969925401681522
0.005,4.0,-2.323260734021539,-0.7965719482438994,1.122283913174698,-4.046033057619658,-11.56603968487638,983760.5138741315,-983764.6252819162,0.9999982487872972,-4.111407784745097,7.454631900131282
0.005,5.0,2.8143354372552816,3.427142492893706,5.141988878275384,1.6505087167452306,-3.566039684876202,598950.1396379189,-598948.6728129049,0.9999980568756499,1.4668250139802694,5.032864698856471
0.005,6.0,3.211777974979195,4.066142788650748,6.069162161955108,1.7830858814912376,0.9999999999999948,899419.1919659532,-899417.6003056306,0.9999984115465315,1.5916603226214647,0.59166032262147
0.005,7.0,3.719611359768285,4.841344781154387,6.980761135490368,2.0890364719072436,0.9999999999999978,1126003.566180027,-1126001.6467766538,0.9999985518823387,1.9194033732637763,0.9194033732637785
0.005,8.0,3.9954986143314097,5.36496952561572,7.916906328227838,2.0347947573831955,1.0000000000000138,1328880.1021436108,-1328878.2644450217,0.9999985245379606,1.837698589079082,0.8376985890790682
0.005,9.0,4.470364995047125,5.9974295497478005,8.831700933673018,2.2896970257341787,1.000000000000004,1072246.7471133387,-1072244.6753199524,0.9999979662431191,2.071793386247009,1.071793386247005
0.005,10.0,4.813161653854607,6.608428609439819,9.758623813123448,2.3404305742201865,1.0000000000000429,1401170.0319484384,-1401167.917373192,0.9999982352297785,2.114575246348977,1.1145752463489342
0.005,11.0,5.18675408116022,7.202169241830901,10.710961816749313,2.424650213365674,0.9999999999999576,1711112.8708198955,-1711110.6950096388,0.9999983857977686,2.1758102567400783,1.1758102567401207
0.005,12.0,5.616696786249342,7.835503811459531,11.614212872139795,2.6179387433041157,0.9999999999999708,2098904.1857238,-2098901.8277831767,0.9999985712730953,2.357940623536706,1.3579406235367353
0.005,13.0,5.974453358014296,8.508638125726858,12.52600458622078,2.6986777439110545,0.9999999999999852,2376021.915989137,-2376019.464538137,0.9999986213140564,2.451450999826193,1.4514509998262075
0.005,14.0,6.373210241884336,9.247655315614152,13.47355269713291,2.8230390142600488,1.000000000000024,1529485.160960171,-1529482.5632321828,0.9999976788203683,2.597727988148108,1.5977279881480841
0.005,15.0,6.763299142391684,9.700131262504131,14.42400142127607,2.932948002949491,0.9999999999999768,2259456.340535919,-2259453.705495919,0.9999983047302916,2.6350400000810623,1.6350400000810854
0.005,16.0,7.186688644716445,10.490563531551125,15.307439519358413,3.1263132073954614,1.0000000000000222,2015321.9403076447,-2015319.066185955,0.9999979852406107,2.8741216897033155,1.8741216897032933
0.01,-16.0,-370.21828654487246,-363.56575115215486,-351.9759702381263,-379.33944469824553,-382.9999999999999,4852235.627469065,-4852615.789747622,0.9999981203644004,-380.16227855719626,2.837721442803627
0.01,-15.0,-346.4508335702092,-340.89753228623283,-330.03506622432127,-354.6587172431532,-358.99999999999966,4573594.19461678,-4573949.738105562,0.9999982055227234,-355.5434887818992,3.456511218100445
0.01,-14.0,-324.32807505356493,-318.21564316993795,-308.094661207097,-332.44478197679894,-335.0000000000001,4567252.689987736,-4567585.80311046,0.9999982229530309,-333.11312272399664,1.8868772760034744
0.01,-13.0,-300.9428703543464,-295.542758989816,-286.1542940408112,-308.337158511114,-311.0,4824278.166274333,-4824587.168049569,0.9999984673836302,-309.001775235869,1.9982247641310096
0.01,-12.0,-277.9859319258184,-272.86491476712644,-263.3329292123127,-285.31243328257125,-286.9999999999998,4850674.648283594,-4850960.696208361,0.9999984896515657,-286.047924766317,0.9520752336827627
0.01,-11.0,-254.86011712743712,-250.18641641725395,-242.27392906462703,-261.15321115884217,-262.9999999999997,4360046.385428349,-4360308.078305045,0.9999985567453182,-261.6928766965866,1.307123303413107
0.01,-10.0,-231.3604678838238,-227.5117219288118,-219.4812083182037,-237.30009766663386,-239.00000000000009,4376978.492579617,-4377216.489757579,0.9999986430471473,-237.99717796221375,1.0028220377863306
0.01,-9.0,-208.46092461219763,-204.83428588190316,-198.39431194199693,-213.49423094729795,-214.99999999999991,3276698.8706428213,-3276912.8338419907,0.9999984639960671,-213.963199169375,1.0368008306249124
0.01,-8.0,-185.29790807797488,-182.15690958368944,-176.45479311435753,-189.71946555978357,-190.9999999999999,3002438.6210488407,-3002628.767443056,0.9999985274283469,-190.1463942155242,0.8536057844756897
0.01,-7.0,-162.06882222876456,-159.47955383445023,-154.5154744836969,-165.84549610129838,-167.00000000000009,2373333.3404646222,-2373499.581694965,0.9999984088288381,-166.24123034253716,0.7587696574629206
0.01,-6.0,-138.61557426552417,-136.80222428191828,-132.57635702301377,-141.63518288677938,-143.00000000000028,1517753.0527728014,-1517895.0901481626,0.9999980106297717,-142.03737536119297,0.9626246388073127
0.01,-5.0,-117.63430681007316,-114.59341199234852,-110.63744230134942,-121.13273906443501,-123.56603968487644,1708233.3890251783,-1708354.6743486132,0.9999979521389628,-121.285323434975,2.2807162499014453
0.01,-4.0,-101.78098682768588,-98.59074968343182,-93.74663144668156,-105.79816451818805,-107.56603968487642,2176662.32549116,-2176768.3992198166,0.9999981545371783,-106.07372865639627,1.4923110284801453
0.01,-3.0,-85.9208806270231,-82.62275996556224,-78.00675728307318,-89.87794229899805,-91.56603968487632,2544123.826653583,-2544213.9242798593,0.9999984446762893,-90.09762627631426,1.468413408562057
0.01,-2.0,-69.90716619672793,-66.72350873865544,-61.96874800699642,-73.87637529159369,-75.5660396848763,2765001.686852961,-2765075.825172075,0.9999985645037577,-74.13831911422312,1.4277205706531788
0.01,-1.0,-54.184532411452736,-50.75712276567536,-46.63657046496852,-57.958513384694854,-59.56603968487627,2045860.5319052227,-2045918.6059300713,0.999998155361876,-58.074024848639965,1.492014836236308
0.01,0.0,-38.40654237420296,-35.38466213158651,-30.39992549893828,-42.4098508118353,-43.56603968487643,2466406.026904188,-2466448.764015235,0.9999983768716108,-42.737111046910286,0.8289286379661434
0.01,1.0,-24.861508257423445,-22.51260825932694,-18.661608292208197,-27.961458240031064,-35.56603968487625,2153694.108579321,-2153722.320338959,0.9999985606624091,-28.211759638041258,7.354280046834994
0.01,2.0,-15.969343870184526,-13.614119189095128,-9.900723200832502,-19.00365420486054,-27.566039684876344,2123511.0831518616,-2123530.3131693876,0.9999985710998431,-19.230017526075244,8.3360221588011
0.01,3.0,-7.8629152359734515,-5.356402989712478,-1.5403304630233463,-11.024207622448504,-19.566039684876287,1744413.109286929,-1744424.3517166092,0.9999981877819986,-11.24242968019098,8.323610004685307
0.01,4.0,-0.5372634799293776,2.2601582339515995,5.655815986625616,-3.6338032132068747,-11.56603968487638,1895373.961127811,-1895377.6946194614,0.9999983662711316,-3.7334916503168643,7.832548034559515
0.01,5.0,3.993289289437034,5.306450606468388,8.577543724464054,1.701162071923525,-3.566039684876202,1955901.2085723195,-1955899.8336679402,0.9999988281122364,1.374904379248619,4.940944064124821
0.01,6.0,4.644375195505043,7.129751267243181,10.2440268409218,1.8445493727966653,0.9999999999999948,1564371.5087944856,-1564369.76905506,0.9999982102531201,1.7397394254803658,0.739739425480371
0.01,7.0,5.3199268126539,7.7577480912524495,11.92759197332913,2.016094232316285,0.9999999999999978,2223424.9540550243,-2223423.2267059693,0.9999985140650847,1.7273490549996495,0.7273490549996517
0.01,8.0,5.996391689726943,8.639209247843265,13.60230327186004,2.193435898660396,1.0000000000000138,2118300.3135516234,-2118298.5068472903,0.9999982047110173,1.8067043330520391,0.8067043330520254
0.01,9.0,6.641802111825743,9.75971541545982,15.267014170473054,2.3291960825020865,1.000000000000004,2541560.515185711,-2541558.584215422,0.9999983031694172,1.9309702888131142,0.9309702888131102
0.01,10.0,7.304625970353229,10.87146725381589,16.949346914319506,2.48226549837009,1.0000000000000429,3064478.858311196,-3064476.7945425315,0.9999984263673478,2.0637686643749475,1.0637686643749047
0.01,11.0,7.966199906383082,11.99731493150338,18.631569930074228,2.633514894537509,0.9999999999999576,2354518.946984689,-2354516.7471693065,0.9999977351554237,2.1998153827153146,1.199815382715357
0.01,12.0,8.639739906592897,13.164067680278285,20.30564215412101,2.806788782828841,0.9999999999999708,3855694.052236744,-3855691.681613595,0.9999984871904941,2.3706231489777565,1.3706231489777858
0.01,13.0,9.353651408345332,14.299591242980537,21.971838020575053,3.0445581022304715,0.9999999999999852,3771662.42340107,-3771659.833385558,0.9999983272140986,2.590015511959791,1.5900155119598058
0.01,14.0,9.975225690822574,15.394973746550406,23.653762866118,3.13595710317486,1.000000000000024,3202931.959892967,-3202929.297009247,0.9999978646962518,2.662883719895035,1.662883719895011
0.01,15.0,10.652635083823103,16.415658604129195,25.334460543139212,3.311722354165049,0.9999999999999768,4277082.08230879,-4277079.296628276,0.9999982836564133,2.785680513828993,1.785680513829016
0.01,16.0,11.300831406637766,17.523353593009762,26.99865478705048,3.451919716431407,1.0000000000000222,4456999.599453498,-4456996.689796949,0.9999982389565071,2.90965654887259,1.9096565488725679
0.02,-16.0,-360.3841564380733,-347.3115324871128,-325.4975353232445,-377.8274669954878,-382.9999999999999,10765987.372658364,-10766366.656692475,0.9999983798444807,-379.2840341106057,3.7159658893941696
0.02,-15.0,-338.4774703843629,-325.7140205979476,-306.98922026637314,-354.2215954433577,-358.99999999999966,8908469.717854962,-8908824.933017131,0.9999982327500008,-355.21516216918826,3.784837830811398
0.02,-14.0,-315.9511343499716,-304.11664920121905,-286.6325215220979,-330.6104407639084,-335.0000000000001,8579063.864533488,-8579395.416592672,0.9999982913367271,-331.55205918475986,3.4479408152402584
0.02,-13.0,-292.7954760284296,-282.51945081417733,-266.2768409912236,-306.0547935470326,-311.0,8525036.845115226,-8525343.894508401,0.9999984447060601,-307.0493931751698,3.9506068248301744
0.02,-12.0,-270.8796717093049,-260.92269690577115,-245.92223085741645,-283.3583921352491,-286.9999999999998,9009166.848465687,-9009451.047657019,0.9999986149196549,-284.1991913318634,2.8008086681363693
0.02,-11.0,-248.3268327343741,-239.32598013059064,-225.5687493037088,-259.70587444970676,-262.9999999999997,7263091.644758023,-7263352.143333565,0.9999984333625762,-260.4985755421221,2.50142445787759
0.02,-10.0,-225.8078791625536,-217.729442488372,-203.7053134298828,-236.859162028889,-239.00000000000009,7693601.227191338,-7693839.077491539,0.9999985636093764,-237.85030020028353,1.149699799716558
0.02,-9.0,-202.67792958853693,-196.1331040628137,-183.4066093167122,-212.3135897244493,-214.99999999999991,6169129.872295806,-6169343.216387199,0.9999984381186842,-213.34409139305353,1.655908606946383
0.02,-8.0,-180.73651408842,-174.5369666144153,-162.32682480367214,-189.94135873079392,-190.9999999999999,5547903.591267914,-5548094.534316387,0.9999983409061284,-190.94304847344756,0.05695152655232505
0.02,-7.0,-157.55140539619063,-152.94103492962404,-144.1672210964168,-164.24349754607755,-167.00000000000009,4795733.956482392,-4795898.893785255,0.999998604631255,-164.93730286322534,2.0626971367747444
0.02,-6.0,-135.66526719401872,-131.3453095278651,-123.82020236203851,-141.58779961000883,-143.00000000000028,4246765.235187566,-4246907.357253185,0.999998605440291,-142.12206561863422,0.8779343813660603
0.02,-5.0,-113.35693641917736,-109.74979282552556,-102.21179238484667,-118.9295084363427,-123.56603968487644,3864317.984289383,-3864437.5690010963,0.9999985579770638,-119.58471171325073,3.981327971625717
0.02,-4.0,-97.5227808081887,-92.10556929378566,-84.12928188655357,-104.21953026900626,-107.56603968487642,3458427.4139968203,-3458532.059938674,0.9999980637130752,-104.64594185352325,2.9200978313531607
0.02,-3.0,-81.72334776944683,-76.09918410853399,-68.67695031821823,-88.24654649506112,-91.56603968487632,3511745.6193732806,-3511834.1656855084,0.9999981424980406,-88.54631222784519,3.0197274570311237
0.02,-2.0,-65.8925892823651,-60.23448982414983,-53.18029886465966,-72.24873449121782,-75.5660396848763,3630416.950769153,-3630489.4322177107,0.9999982492253952,-72.48144855769351,3.08459112718279
0.02,-1.0,-50.167071216790205,-44.5274985325673,-37.80133529650158,-56.34993917693453,-59.56603968487627,3406556.117986478,-3406612.6490888344,0.9999981850276343,-56.531102356500924,3.0349373283753494
0.02,0.0,-34.645509359070026,-29.430636425468613,-22.9359394144116,-40.500294331399246,-43.56603968487643,2872939.7827173257,-2872980.4964056253,0.9999979621031501,-40.71368829952553,2.8523513853509
0.02,1.0,-21.64620593073803,-17.403838807890935,-11.442195169850724,-26.748211311181684,-35.56603968487625,2983092.39505775,-2983119.429782941,0.9999982897114199,-27.03472519107163,8.531314493804622
0.02,2.0,-12.641289588858312,-8.412197698916712,-2.316161256608531,-17.8038537549832,-27.566039684876344,2833431.7210152317,-2833449.836104474,0.99999817797746,-18.115089242346585,9.45095044252976
0.02,3.0,-4.5336264816595255,0.0094555826885343,6.2043630781912205,-9.9026212615849,-19.566039684876287,2886138.1818005843,-2886148.359669975,0.9999981397446147,-10.177869390696287,9.38817029418
0.02,4.0,2.771175876980957,7.167800098959566,12.051975873940806,-1.8692241214989673,-11.56603968487638,2078747.831897568,-2078749.7824260117,0.9999977676871312,-1.9505284437909722,9.615511241085407
0.02,5.0,6.3223081004901225,9.19653736307517,15.084917285192049,1.9410035081391595,-3.566039684876202,2313126.343704299,-2313124.9049232574,0.9999981059206422,1.4387810416519642,5.004820726528166
0.02,6.0,7.503659747331642,11.22088025840362,18.10190573321515,2.2045367543898866,0.9999999999999948,2990748.0009548627,-2990746.3238180177,0.9999982281445341,1.6771368449553847,0.67713684495539
0.02,7.0,8.692539768052775,13.246038515644145,21.135954703277346,2.47083230044049,0.9999999999999978,3577078.818328958,-3577076.903444981,0.9999982606867157,1.9148839768022299,0.9148839768022321
0.02,8.0,9.886647573147297,15.342757136793937,24.18019406229349,2.7398743285741993,1.0000000000000138,4820262.735769541,-4820260.559627871,0.9999985173288761,2.176141669973731,1.1761416699737173
0.02,9.0,11.076441321879862,17.47373843386982,27.22744594227798,3.000939011680803,1.000000000000004,4929138.346295087,-4929135.904636404,0.9999983616890683,2.4416586831212044,1.4416586831212004
0.02,10.0,12.263728063590618,19.337368631989182,30.238375880731144,3.2764041550203533,1.0000000000000429,4738979.947394226,-4738977.30911698,0.9999981035091466,2.638277245685458,1.6382772456854153
0.02,11.0,13.45594910632646,21.35604945730352,33.26266950582805,3.5525889065756644,0.9999999999999576,6369986.572432064,-6369983.687454761,0.9999984453171871,2.884977303445339,1.8849773034453816
0.02,12.0,14.65143411816314,23.483449100254447,36.32454877597073,3.814876789259344,0.9999999999999708,6269312.555049225,-6269309.408202002,0.9999982715011337,3.146847222931683,2.1468472229317124
0.02,13.0,15.820175374537335,25.710104556096912,39.35518878043325,4.052668671589377,0.9999999999999852,8259864.901077379,-8259861.474238713,0.9999985753396495,3.4268386652693152,2.42683866526933
0.02,14.0,17.014046822504486,27.434908704217047,42.37525205160443,4.333444207954518,1.000000000000024,8542661.960904343,-8542658.380964337,0.9999985156003937,3.5799400061368942,2.5799400061368702
0.02,15.0,18.21361659427027,29.53025689718141,45.43183437207439,4.60450770536821,0.9999999999999768,8186675.570755012,-8186671.730548721,0.999998337643287,3.840206291526556,2.840206291526579
0.02,16.0,19.388724713174557,31.58009539118299,48.44591135729042,4.860131391116628,1.0000000000000222,9255764.52043261,-9255760.439622838,0.9999984303076188,4.080809772014618,3.0808097720145957
0.05,-16.0,-330.4818918526542,-306.0030269347077,-274.72179830316554,-358.36193862739856,-382.9999999999999,13662249.371261839,-13662608.867172185,0.9999979593789741,-359.495910346508,23.50408965349186
0.05,-15.0,-313.60487305637764,-287.0206782493622,-257.6007788108036,-341.60692017916466,-358.99999999999966,12307953.354221903,-12308295.433814555,0.9999977249392971,-342.0795926526189,16.920407347380774
0.05,-14.0,-292.7992644870974,-268.039433095206,-240.4808518918646,-318.95847078471377,-335.0000000000001,11952048.403429452,-11952367.828455236,0.9999978113710357,-319.4250257834792,15.5749742165209
0.05,-13.0,-268.7678441393968,-249.05938955800693,-223.3622293568288,-291.47065153068075,-311.0,11249871.674922623,-11250164.144150041,0.9999979819830922,-292.4692274183035,18.53077258169651
0.05,-12.0,-251.190322085307,-230.0806528243525,-206.2451782926259,-273.6628939816476,-286.9999999999998,11143341.918711955,-11143616.035878027,0.9999979833680364,-274.1171660721302,12.88283392786957
0.05,-11.0,-230.38698119471,-211.1033349402008,-189.1300390954035,-251.01545224436325,-262.9999999999997,10063236.317661867,-10063487.781481639,0.9999979501598795,-251.46381977200508,11.536180227994635
0.05,-10.0,-209.58444477068065,-192.1275538419401,-172.0172488496266,-228.36804273120765,-239.00000000000009,8827397.90279803,-8827626.713389903,0.9999978721595344,-228.81059187278152,10.18940812721857
0.05,-9.0,-188.78273601311352,-173.1534328766128,-154.90737613079952,-205.7204159542705,-214.99999999999991,9168053.041479077,-9168259.19813789,0.9999981525653818,-206.15665881335735,8.843341186642562
0.05,-8.0,-167.98188013332117,-154.1810982336766,-137.80116455090933,-183.0722379245271,-190.9999999999999,8543634.053344507,-8543817.555574182,0.9999982337615134,-183.5022296756506,7.49777032434929
0.05,-7.0,-147.18190079698243,-135.21067887915942,-118.8702178895104,-161.33774225071846,-167.00000000000009,8767431.841121677,-8767593.9074799,0.9999983854142038,-162.06635822355747,4.933641776442613
0.05,-6.0,-126.38281947336785,-116.2423006134646,-102.00724703499831,-138.57060569255262,-143.00000000000028,6686196.254170971,-6686335.507116097,0.9999981772157522,-139.25294512603432,3.747054873965965
0.05,-5.0,-105.58465519256669,-97.27608593332953,-86.51594491522609,-115.11901033123698,-123.56603968487644,5273265.700685304,-5273381.228299199,0.9999981919836268,-115.52761389501393,8.038425789862515
0.05,-4.0,-86.8814470060239,-78.33649434365702,-68.31825132646816,-96.16304484580178,-107.56603968487642,4491477.550441332,-4491573.959055863,0.9999979335481597,-96.4086145311594,11.157425153717014
0.05,-3.0,-71.2389851937809,-62.35302725241354,-52.37819474116653,-80.66938042008809,-91.56603968487632,4529678.525664149,-4529759.3765308745,0.9999979181212325,-80.85086672566831,10.715172959208004
0.05,-2.0,-55.684615070353885,-46.53682999568832,-37.301264448955465,-64.8762903810531,-75.5660396848763,472521.25617808336,-472586.1473943358,0.9999805497025005,-64.8912162524648,10.6748234324115
0.05,-1.0,-40.21749326145476,-31.523173461594165,-22.609365031831604,-49.021557376266344,-59.56603968487627,1045947.8277151044,-1045996.8859516075,0.9999915829874548,-49.05823650304228,10.507803181833992
0.05,0.0,-25.21987131223281,-17.06878120890395,-8.717099621338852,-33.471257157679794,-43.56603968487643,978916.6245113774,-978950.1293335697,0.9999915710790432,-33.50482219224796,10.061217492628472
0.05,1.0,-13.43416876693382,-6.461757044953799,1.8108977636999024,-21.05670203225068,-35.56603968487625,4244914.912498646,-4244936.185944156,0.9999982043168134,-21.27344550937414,14.29259417550211
0.05,2.0,-4.443104928615033,3.570756829903197,11.592152631012176,-12.460733708428638,-27.566039684876344,91828.57935361439,-91841.04252757743,0.9999126895587993,-12.463173963042209,15.102865721834135
0.05,3.0,4.048159985013007,11.949484089836302,18.86782571483751,-3.3616728798992455,-19.566039684876287,67.5598948236393,-72.535707055298,0.8755926896832678,-4.975812231658708,14.59022745321758
0.05,4.0,10.497526953318816,16.32423150697071,25.01560540813468,3.2384877259108844,-11.56603968487638,4697547.743191393,-4697544.982094644,0.99999845472238,2.7610967494547367,14.327136434331116
0.05,5.0,13.160067113992184,20.699858775376065,31.24890825680535,4.115646542585601,-3.566039684876202,4611081.356712308,-4611077.7425137125,0.9999980385525498,3.6141985952854156,7.180238280161618
0.05,6.0,15.782866358733942,25.07451979930411,37.31039276523277,5.01910315548453,0.9999999999999948,6493495.10028767,-6493490.571778478,0.9999983423825892,4.528509192168713,3.528509192168718
0.05,7.0,18.431615779554384,29.44988558062269,43.54362657217315,5.875610383245,0.9999999999999978,7329335.95054777,-7329330.587734658,0.9999982868681561,5.362813111394644,4.362813111394646
0.05,8.0,21.07448479618944,33.82303678394263,49.60477846756275,6.809337960502788,1.0000000000000138,6109829.724225035,-6109823.420201821,0.9999976652237303,6.304023213684559,5.304023213684545
0.05,9.0,23.695424626833137,38.20176025310191,55.752523753397234,7.6668750635510925,1.000000000000004,9102083.702360064,-9102076.542937031,0.999998239018097,7.159423032775521,6.159423032775518
0.05,10.0,26.347298144857856,42.5760524229072,61.88934865228437,8.576272891144598,1.0000000000000429,8967841.734840125,-8967833.672836369,0.9999980183494587,8.062003755941987,7.062003755941944
0.05,11.0,28.98618309253539,46.94813120314844,68.04714997392627,9.455699651839957,0.9999999999999576,8976171.997642295,-8976163.064914377,0.9999978241765625,8.932727918028831,7.932727918028874
0.05,12.0,31.623614352972893,51.32246553713452,74.18418882147179,10.343327118723444,0.9999999999999708,9708328.851780504,-9708319.0355189,0.9999978080374989,9.816261604428291,8.81626160442832
0.05,13.0,34.25917707657918,55.702469297465136,80.34274882089314,11.2173912044222,0.9999999999999852,8923913.022788908,-8923902.338584293,0.9999974179489953,10.684204615652561,9.684204615652575
0.05,14.0,36.90732499522869,60.080311363023945,86.4956660746782,12.113154455503938,1.000000000000024,11721051.19698627,-11721039.6244861,0.9999978846340878,11.572500169277191,10.572500169277166
0.05,15.0,39.54752309852389,64.45058825113254,92.6454040510945,12.99858262223858,0.9999999999999768,11291422.029500071,-11291409.579846982,0.9999976487339198,12.449653089046478,11.449653089046501
0.05,16.0,42.16828640118402,68.82207839488923,98.78764456415767,13.858607319697192,1.0000000000000222,14084091.697357701,-14084078.390742607,0.9999979899492533,13.30661509372294,12.306615093722918
