p,K,K_index,run_tag,restart,seed,energy,E_exact,err_pct,fidelity,Q_tot2,n_iter,converged,hit_maxiter,diverged,is_best,cell_time_s
0.0,6.75,11,dense8,0,90011,1.0000004979026065,0.9999999999999972,4.97902609142288e-05,,,1724,True,False,False,False,462.0563297271729
0.0,6.75,11,dense8,1,90011,1.0038280930859913,0.9999999999999972,0.3828093085993977,,,2000,False,True,False,False,462.0563297271729
0.0,6.75,11,dense8,2,90011,1.0000002043569518,0.9999999999999972,2.0435695446963163e-05,0.9999999946996864,-4.1069578333817553e-16,772,True,False,False,True,462.0563297271729
0.0,6.75,11,dense8,3,90011,1.0009434531363124,0.9999999999999972,0.0943453136315055,,,2000,False,True,False,False,462.0563297271729
0.0,6.75,11,dense8,4,90011,1.0008027785316012,0.9999999999999972,0.0802778531603822,,,2000,False,True,False,False,462.0563297271729
0.0,6.75,11,dense8,5,90011,1.0013806823346871,0.9999999999999972,0.1380682334689801,,,2000,False,True,False,False,462.0563297271729
0.0,6.75,11,dense8,6,90011,1.002444494419744,0.9999999999999972,0.2444494419746596,,,2000,False,True,False,False,462.0563297271729
0.0,6.75,11,dense8,7,90011,1.0000017204282026,0.9999999999999972,0.0001720428205231,,,1984,True,False,False,False,462.0563297271729
0.0,7.0,12,dense8,0,90012,1.00159759095961,0.9999999999999978,0.1597590959612208,,,2000,False,True,False,False,475.2100155353546
0.0,7.0,12,dense8,1,90012,1.000032037800623,0.9999999999999978,0.0032037800625328,,,2000,False,True,False,False,475.2100155353546
0.0,7.0,12,dense8,2,90012,1.0043310805809087,0.9999999999999978,0.4331080580910927,,,2000,False,True,False,False,475.2100155353546
0.0,7.0,12,dense8,3,90012,1.0016730734425807,0.9999999999999978,0.1673073442582943,,,2000,False,True,False,False,475.2100155353546
0.0,7.0,12,dense8,4,90012,1.0011196946600234,0.9999999999999978,0.1119694660025596,,,2000,False,True,False,False,475.2100155353546
0.0,7.0,12,dense8,5,90012,1.0000373817264157,0.9999999999999978,0.0037381726417873,,,2000,False,True,False,False,475.2100155353546
0.0,7.0,12,dense8,6,90012,1.0005022976915026,0.9999999999999978,0.0502297691504783,,,2000,False,True,False,False,475.2100155353546
0.0,7.0,12,dense8,7,90012,1.000000204316454,0.9999999999999978,2.0431645619822847e-05,0.9999999932468586,-4.471249759330227e-16,1004,True,False,False,True,475.2100155353546
0.0,5.75,7,dense8,0,90007,1.000840368167898,0.9999999999999998,0.0840368167898342,,,2000,False,True,False,False,477.6159279346466
0.0,5.75,7,dense8,1,90007,1.0053046581206615,0.9999999999999998,0.5304658120661722,,,2000,False,True,False,False,477.6159279346466
0.0,5.75,7,dense8,2,90007,1.000000323980801,0.9999999999999998,3.2398080129780744e-05,,,1843,True,False,False,False,477.6159279346466
0.0,5.75,7,dense8,3,90007,1.0000445558129814,0.9999999999999998,0.0044555812981572,,,2000,False,True,False,False,477.6159279346466
0.0,5.75,7,dense8,4,90007,1.0038058781651595,0.9999999999999998,0.380587816515976,,,2000,False,True,False,False,477.6159279346466
0.0,5.75,7,dense8,5,90007,1.0000000600842436,0.9999999999999998,6.0084243802549525e-06,0.9999999983799484,7.233796894370925e-16,1224,True,False,False,True,477.6159279346466
0.0,5.75,7,dense8,6,90007,1.00302405888407,0.9999999999999998,0.3024058884070203,,,2000,False,True,False,False,477.6159279346466
0.0,5.75,7,dense8,7,90007,1.0029934541806915,0.9999999999999998,0.2993454180691969,,,2000,False,True,False,False,477.6159279346466
0.0,5.0,4,dense8,0,90004,1.0000186253405592,-3.566039684876202,128.0428350133539,,,2000,False,True,False,False,479.9883642196655
0.0,5.0,4,dense8,1,90004,1.000604946217418,-3.566039684876202,128.05927680673457,,,2000,False,True,False,False,479.9883642196655
0.0,5.0,4,dense8,2,90004,-3.331416167653921,-3.566039684876202,6.5793860404115545,,,2000,False,True,False,False,479.9883642196655
0.0,5.0,4,dense8,3,90004,-2.0570093228901327,-3.566039684876202,42.316701308343866,,,2000,False,True,False,False,479.9883642196655
0.0,5.0,4,dense8,4,90004,1.000000222359503,-3.566039684876202,128.04231895120424,,,1213,True,False,False,False,479.9883642196655
0.0,5.0,4,dense8,5,90004,1.0031340673989688,-3.566039684876202,128.1301992138036,,,2000,False,True,False,False,479.9883642196655
0.0,5.0,4,dense8,6,90004,-3.558761824394481,-3.566039684876202,0.2040880395298629,0.9998455914050444,-5.302289665749181e-16,2000,False,True,False,True,479.9883642196655
0.0,5.0,4,dense8,7,90004,1.000128024419805,-3.566039684876202,128.04590281654492,,,2000,False,True,False,False,479.9883642196655
0.0,5.5,6,dense8,0,90006,1.0025282880410633,0.4339603151236701,131.01842567225586,,,2000,False,True,False,False,491.1307988166809
0.0,5.5,6,dense8,1,90006,1.0001464343006794,0.4339603151236701,130.46956125830476,,,2000,False,True,False,False,491.1307988166809
0.0,5.5,6,dense8,2,90006,1.0005009858407226,0.4339603151236701,130.5512626322984,,,2000,False,True,False,False,491.1307988166809
0.0,5.5,6,dense8,3,90006,1.0035014001982794,0.4339603151236701,131.2426655677723,,,2000,False,True,False,False,491.1307988166809
0.0,5.5,6,dense8,4,90006,1.0000001492349218,0.4339603151236701,130.43585193958148,1.1384306754292317e-08,-4.809520826999815e-16,1525,True,False,False,True,491.1307988166809
0.0,5.5,6,dense8,5,90006,1.001827815365631,0.4339603151236701,130.85701167862084,,,2000,False,True,False,False,491.1307988166809
0.0,5.5,6,dense8,6,90006,1.0018237485085209,0.4339603151236701,130.8560745290778,,,2000,False,True,False,False,491.1307988166809
0.0,5.5,6,dense8,7,90006,1.029593981246351,0.4339603151236701,137.25533081358762,,,2000,False,True,False,False,491.1307988166809
0.0,4.0,0,dense8,0,90000,-11.55998540772442,-11.56603968487638,0.0523452911879355,,,2000,False,True,False,False,494.81046509742737
0.0,4.0,0,dense8,1,90000,-11.505568381791155,-11.56603968487638,0.5228349956666306,,,2000,False,True,False,False,494.81046509742737
0.0,4.0,0,dense8,2,90000,-11.555289853398104,-11.56603968487638,0.0929430623719162,,,2000,False,True,False,False,494.81046509742737
0.0,4.0,0,dense8,3,90000,-11.5597135078855,-11.56603968487638,0.0546961376861975,,,2000,False,True,False,False,494.81046509742737
0.0,4.0,0,dense8,4,90000,-11.559992040359813,-11.56603968487638,0.0522879454103442,0.9998744062972678,-6.227657278756741e-16,1823,True,False,False,True,494.81046509742737
0.0,4.0,0,dense8,5,90000,-11.55981355814995,-11.56603968487638,0.0538311029191028,,,2000,False,True,False,False,494.81046509742737
0.0,4.0,0,dense8,6,90000,-11.55088380451254,-11.56603968487638,0.1310377689924251,,,2000,False,True,False,False,494.81046509742737
0.0,4.0,0,dense8,7,90000,-11.559883106213636,-11.56603968487638,0.0532297902348856,,,2000,False,True,False,False,494.81046509742737
0.0,6.0,8,dense8,0,90008,1.0002394363627074,0.9999999999999948,0.0239436362712509,,,2000,False,True,False,False,496.2646753787994
0.0,6.0,8,dense8,1,90008,1.0000002824996543,0.9999999999999948,2.824996594430488e-05,0.9999999922033832,-7.04297731259509e-16,1826,True,False,False,True,496.2646753787994
0.0,6.0,8,dense8,2,90008,1.0000034755661438,0.9999999999999948,0.000347556614888,,,2000,False,True,False,False,496.2646753787994
0.0,6.0,8,dense8,3,90008,1.0027590068457588,0.9999999999999948,0.2759006845763925,,,2000,False,True,False,False,496.2646753787994
0.0,6.0,8,dense8,4,90008,1.0000523948434543,0.9999999999999948,0.0052394843459646,,,2000,False,True,False,False,496.2646753787994
0.0,6.0,8,dense8,5,90008,1.00000377428415,0.9999999999999948,0.0003774284155211,,,2000,False,True,False,False,496.2646753787994
0.0,6.0,8,dense8,6,90008,1.000178732241335,0.9999999999999948,0.0178732241340019,,,2000,False,True,False,False,496.2646753787994
0.0,6.0,8,dense8,7,90008,1.0090926022287623,0.9999999999999948,0.9092602228767446,,,2000,False,True,False,False,496.2646753787994
0.0,4.75,3,dense8,0,90003,-5.559992000654782,-5.566039684876388,0.1086532716976055,,,2000,False,True,False,False,497.26153683662415
0.0,4.75,3,dense8,1,90003,-5.491369988361559,-5.566039684876388,1.341522891360544,,,2000,False,True,False,False,497.26153683662415
0.0,4.75,3,dense8,2,90003,-5.559992590341987,-5.566039684876388,0.1086426773210248,0.9998744174841468,-8.018759267718952e-16,1641,True,False,False,True,497.26153683662415
0.0,4.75,3,dense8,3,90003,-5.559725636528804,-5.566039684876388,0.1134387949970868,,,2000,False,True,False,False,497.26153683662415
0.0,4.75,3,dense8,4,90003,-5.551512629292322,-5.566039684876388,0.2609944665600808,,,2000,False,True,False,False,497.26153683662415
0.0,4.75,3,dense8,5,90003,-0.5978204918726364,-5.566039684876388,89.25950000865089,,,2000,False,True,False,False,497.26153683662415
0.0,4.75,3,dense8,6,90003,-5.559582584155191,-5.566039684876388,0.1160088875891705,,,2000,False,True,False,False,497.26153683662415
0.0,4.75,3,dense8,7,90003,-5.558928643794987,-5.566039684876388,0.1277576424890064,,,2000,False,True,False,False,497.26153683662415
0.0,5.25,5,dense8,0,90005,-0.6652730491029605,-1.566039684876273,57.51876178313316,,,2000,False,True,False,False,499.2260203361511
0.0,5.25,5,dense8,1,90005,-1.554884976094776,-1.566039684876273,0.7122877465508308,,,2000,False,True,False,False,499.2260203361511
0.0,5.25,5,dense8,2,90005,1.0001415459352665,-1.566039684876273,163.86438067910674,,,2000,False,True,False,False,499.2260203361511
0.0,5.25,5,dense8,3,90005,-1.5396489051309472,-1.566039684876273,1.6851922719577066,,,2000,False,True,False,False,499.2260203361511
0.0,5.25,5,dense8,4,90005,-1.5599859649070276,-1.566039684876273,0.3865623603097708,0.9998719044923324,7.380164188238083e-16,2000,False,True,False,True,499.2260203361511
0.0,5.25,5,dense8,5,90005,-1.559313286803078,-1.566039684876273,0.4295164508379946,,,2000,False,True,False,False,499.2260203361511
0.0,5.25,5,dense8,6,90005,1.000063956155485,-1.566039684876273,163.8594261571664,,,2000,False,True,False,False,499.2260203361511
0.0,5.25,5,dense8,7,90005,1.000262942638261,-1.566039684876273,163.87213250712023,,,2000,False,True,False,False,499.2260203361511
0.0,6.25,9,dense8,0,90009,1.000997738305565,1.0000000000000142,0.0997738305550818,,,2000,False,True,False,False,499.6682138442993
0.0,6.25,9,dense8,1,90009,1.0042053244218767,1.0000000000000142,0.4205324421862439,,,2000,False,True,False,False,499.6682138442993
0.0,6.25,9,dense8,2,90009,1.000825820939021,1.0000000000000142,0.0825820939006837,,,2000,False,True,False,False,499.6682138442993
0.0,6.25,9,dense8,3,90009,1.0005619612855323,1.0000000000000142,0.0561961285518322,,,2000,False,True,False,False,499.6682138442993
0.0,6.25,9,dense8,4,90009,1.0007192301869638,1.0000000000000142,0.0719230186949627,,,2000,False,True,False,False,499.6682138442993
0.0,6.25,9,dense8,5,90009,1.0000051182457828,1.0000000000000142,0.0005118245768542,0.9999997192772498,-2.8102519969612326e-16,2000,False,True,False,True,499.6682138442993
0.0,6.25,9,dense8,6,90009,1.0016195440807638,1.0000000000000142,0.1619544080749579,,,2000,False,True,False,False,499.6682138442993
0.0,6.25,9,dense8,7,90009,1.0039079900352588,1.0000000000000142,0.3907990035244502,,,2000,False,True,False,False,499.6682138442993
0.0,4.25,1,dense8,0,90001,-9.529785688657284,-9.566039684876388,0.378986471030644,,,2000,False,True,False,False,500.44210839271545
0.0,4.25,1,dense8,1,90001,-9.559988638663665,-9.566039684876388,0.0632554997894475,,,2000,False,True,False,False,500.44210839271545
0.0,4.25,1,dense8,2,90001,-9.55999219306158,-9.566039684876388,0.0632183433691039,0.9998743942455512,-1.1045309632196084e-15,1983,True,False,False,True,500.44210839271545
0.0,4.25,1,dense8,3,90001,-9.559991589063271,-9.566039684876388,0.0632246573540495,,,1979,True,False,False,False,500.44210839271545
0.0,4.25,1,dense8,4,90001,-9.554302971450316,-9.566039684876388,0.1226914565766066,,,2000,False,True,False,False,500.44210839271545
0.0,4.25,1,dense8,5,90001,-9.557451202477525,-9.566039684876388,0.0897809614196297,,,2000,False,True,False,False,500.44210839271545
0.0,4.25,1,dense8,6,90001,-9.559959628259024,-9.566039684876388,0.0635587643126564,,,2000,False,True,False,False,500.44210839271545
0.0,4.25,1,dense8,7,90001,-9.559565186047267,-9.566039684876388,0.0676821238715638,,,2000,False,True,False,False,500.44210839271545
0.0,6.5,10,dense8,0,90010,1.000614408669111,1.000000000000005,0.0614408669106,,,2000,False,True,False,False,501.9409644603729
0.0,6.5,10,dense8,1,90010,1.000088344272552,1.000000000000005,0.0088344272546558,,,2000,False,True,False,False,501.9409644603729
0.0,6.5,10,dense8,2,90010,1.0000394265808534,1.000000000000005,0.00394265808481,,,2000,False,True,False,False,501.9409644603729
0.0,6.5,10,dense8,3,90010,1.0018506596174053,1.000000000000005,0.1850659617399931,,,2000,False,True,False,False,501.9409644603729
0.0,6.5,10,dense8,4,90010,1.0000352873413298,1.000000000000005,0.0035287341324518,,,2000,False,True,False,False,501.9409644603729
0.0,6.5,10,dense8,5,90010,1.0002611290919847,1.000000000000005,0.0261129091979393,,,2000,False,True,False,False,501.9409644603729
0.0,6.5,10,dense8,6,90010,1.000095038432931,1.000000000000005,0.0095038432925686,,,2000,False,True,False,False,501.9409644603729
0.0,6.5,10,dense8,7,90010,1.000005449155725,1.000000000000005,0.0005449155719983,0.9999997779668062,-1.6401810841727908e-15,2000,False,True,False,True,501.9409644603729
0.0,4.5,2,dense8,0,90002,-7.556561499192736,-7.566039684876383,0.1252727460918893,,,2000,False,True,False,False,502.7251121997833
0.0,4.5,2,dense8,1,90002,-1.9412611737419316,-7.566039684876383,74.34243997394987,,,2000,False,True,False,False,502.7251121997833
0.0,4.5,2,dense8,2,90002,-7.1719817500098175,-7.566039684876383,5.208245677778306,,,2000,False,True,False,False,502.7251121997833
0.0,4.5,2,dense8,3,90002,1.0005371826434066,-7.566039684876383,113.2240541196653,,,2000,False,True,False,False,502.7251121997833
0.0,4.5,2,dense8,4,90002,-7.4901356350889,-7.566039684876383,1.003220349732056,,,2000,False,True,False,False,502.7251121997833
0.0,4.5,2,dense8,5,90002,-7.552036442673441,-7.566039684876383,0.1850802108655699,,,2000,False,True,False,False,502.7251121997833
0.0,4.5,2,dense8,6,90002,-7.559831364019155,-7.566039684876383,0.0820550924367683,,,2000,False,True,False,False,502.7251121997833
0.0,4.5,2,dense8,7,90002,-7.559981393307375,-7.566039684876383,0.080072162205522,0.99987398225378,-1.2082891111264714e-15,2000,False,True,False,True,502.7251121997833
0.0,5.75,7,basin64,0,110007,1.0000341421389698,0.9999999999999998,0.0034142138970016953,,,4000,False,True,False,False,3289.95476770401
0.0,5.75,7,basin64,1,110007,1.0002318326695427,0.9999999999999998,0.023183266954296407,,,4000,False,True,False,False,3289.95476770401
0.0,5.75,7,basin64,2,110007,1.0003347596115135,0.9999999999999998,0.03347596115137464,,,4000,False,True,False,False,3289.95476770401
0.0,5.75,7,basin64,3,110007,1.0029676497289572,0.9999999999999998,0.29676497289574677,,,4000,False,True,False,False,3289.95476770401
0.0,5.75,7,basin64,4,110007,1.000000240720503,0.9999999999999998,2.407205033083671e-05,,,1341,True,False,False,False,3289.95476770401
0.0,5.75,7,basin64,5,110007,1.00000071016859,0.9999999999999998,7.101685901567124e-05,,,4000,False,True,False,False,3289.95476770401
0.0,5.75,7,basin64,6,110007,1.000140293868765,0.9999999999999998,0.014029386876512898,,,4000,False,True,False,False,3289.95476770401
0.0,5.75,7,basin64,7,110007,1.0013212485073082,0.9999999999999998,0.1321248507308415,,,4000,False,True,False,False,3289.95476770401
0.0,5.75,7,basin64,8,110007,1.0000002516803557,0.9999999999999998,2.5168035588940547e-05,,,2539,True,False,False,False,3289.95476770401
0.0,5.75,7,basin64,9,110007,1.3878065112121298,0.9999999999999998,38.78065112121302,,,4000,False,True,False,False,3289.95476770401
0.0,5.75,7,basin64,10,110007,1.0019657629964074,0.9999999999999998,0.19657629964076057,,,4000,False,True,False,False,3289.95476770401
0.0,5.75,7,basin64,11,110007,1.000069706873351,0.9999999999999998,0.006970687335128291,,,4000,False,True,False,False,3289.95476770401
0.0,5.75,7,basin64,12,110007,1.0000591519444477,0.9999999999999998,0.005915194444794382,,,4000,False,True,False,False,3289.95476770401
0.0,5.75,7,basin64,13,110007,1.0002989469159473,0.9999999999999998,0.029894691594756224,,,4000,False,True,False,False,3289.95476770401
0.0,5.75,7,basin64,14,110007,1.0003616522347294,0.9999999999999998,0.03616522347296148,,,4000,False,True,False,False,3289.95476770401
0.0,5.75,7,basin64,15,110007,1.0000644613595493,0.9999999999999998,0.0064461359549516945,,,4000,False,True,False,False,3289.95476770401
0.0,5.75,7,basin64,16,110007,1.0000044342978582,0.9999999999999998,0.00044342978584577264,,,4000,False,True,False,False,3289.95476770401
0.0,5.75,7,basin64,17,110007,1.000062646910414,0.9999999999999998,0.006264691041413252,,,4000,False,True,False,False,3289.95476770401
0.0,5.75,7,basin64,18,110007,1.0000204158592083,0.9999999999999998,0.002041585920853351,,,4000,False,True,False,False,3289.95476770401
0.0,5.75,7,basin64,19,110007,1.0002346670293547,0.9999999999999998,0.023466702935492918,,,4000,False,True,False,False,3289.95476770401
0.0,5.75,7,basin64,20,110007,1.0033845992386676,0.9999999999999998,0.33845992386678525,,,4000,False,True,False,False,3289.95476770401
0.0,5.75,7,basin64,21,110007,1.0039247587673163,0.9999999999999998,0.3924758767316573,,,4000,False,True,False,False,3289.95476770401
0.0,5.75,7,basin64,22,110007,1.0000005571667385,0.9999999999999998,5.571667387460623e-05,,,3073,True,False,False,False,3289.95476770401
0.0,5.75,7,basin64,23,110007,1.0018966224415633,0.9999999999999998,0.1896622441563523,,,4000,False,True,False,False,3289.95476770401
0.0,5.75,7,basin64,24,110007,1.0004344611309115,0.9999999999999998,0.043446113091172314,,,4000,False,True,False,False,3289.95476770401
0.0,5.75,7,basin64,25,110007,1.0000001565950591,0.9999999999999998,1.5659505936405086e-05,,,1711,True,False,False,False,3289.95476770401
0.0,5.75,7,basin64,26,110007,1.0000001800072686,0.9999999999999998,1.8000726886846514e-05,,,1387,True,False,False,False,3289.95476770401
0.0,5.75,7,basin64,27,110007,1.0000032507029795,0.9999999999999998,0.0003250702979684662,,,3393,True,False,False,False,3289.95476770401
0.0,5.75,7,basin64,28,110007,1.0002525230932306,0.9999999999999998,0.025252309323087203,,,4000,False,True,False,False,3289.95476770401
0.0,5.75,7,basin64,29,110007,1.0000002993741417,0.9999999999999998,2.9937414192104945e-05,,,1370,True,False,False,False,3289.95476770401
0.0,5.75,7,basin64,30,110007,1.0000010391504135,0.9999999999999998,0.00010391504137174937,,,2918,True,False,False,False,3289.95476770401
0.0,5.75,7,basin64,31,110007,1.0000118834761178,0.9999999999999998,0.001188347611802421,,,4000,False,True,False,False,3289.95476770401
0.0,5.75,7,basin64,32,110007,1.0000009171492614,0.9999999999999998,9.171492616477653e-05,,,2710,True,False,False,False,3289.95476770401
0.0,5.75,7,basin64,33,110007,1.0007709329816277,0.9999999999999998,0.07709329816278923,,,4000,False,True,False,False,3289.95476770401
0.0,5.75,7,basin64,34,110007,1.0005908289414918,0.9999999999999998,0.05908289414919833,,,4000,False,True,False,False,3289.95476770401
0.0,5.75,7,basin64,35,110007,1.0000002908490182,0.9999999999999998,2.9084901842502127e-05,,,2372,True,False,False,False,3289.95476770401
0.0,5.75,7,basin64,36,110007,1.0008248556445973,0.9999999999999998,0.08248556445975555,,,4000,False,True,False,False,3289.95476770401
0.0,5.75,7,basin64,37,110007,1.0000049489611103,0.9999999999999998,0.0004948961110473605,,,1436,True,False,False,False,3289.95476770401
0.0,5.75,7,basin64,38,110007,1.0000062535828689,0.9999999999999998,0.0006253582869097942,,,4000,False,True,False,False,3289.95476770401
0.0,5.75,7,basin64,39,110007,1.0000018449340606,0.9999999999999998,0.00018449340608572845,,,3273,True,False,False,False,3289.95476770401
0.0,5.75,7,basin64,40,110007,1.0002487678118848,0.9999999999999998,0.024876781188498683,,,4000,False,True,False,False,3289.95476770401
0.0,5.75,7,basin64,41,110007,1.0000001640391099,0.9999999999999998,1.6403911007323305e-05,,,842,True,False,False,False,3289.95476770401
0.0,5.75,7,basin64,42,110007,1.0040546114785842,0.9999999999999998,0.40546114785844367,,,4000,False,True,False,False,3289.95476770401
0.0,5.75,7,basin64,43,110007,1.0000350579888675,0.9999999999999998,0.003505798886771495,,,4000,False,True,False,False,3289.95476770401
0.0,5.75,7,basin64,44,110007,1.0007400464912437,0.9999999999999998,0.07400464912439289,,,4000,False,True,False,False,3289.95476770401
0.0,5.75,7,basin64,45,110007,1.0000401652388893,0.9999999999999998,0.00401652388895002,,,4000,False,True,False,False,3289.95476770401
0.0,5.75,7,basin64,46,110007,1.001497091625771,0.9999999999999998,0.14970916257712746,,,4000,False,True,False,False,3289.95476770401
0.0,5.75,7,basin64,47,110007,1.0008234877269055,0.9999999999999998,0.08234877269057697,,,4000,False,True,False,False,3289.95476770401
0.0,5.75,7,basin64,48,110007,1.0000001230798228,0.9999999999999998,1.2307982300008294e-05,0.9999999911842217,1.7130394338195657e-16,1024,True,False,False,True,3289.95476770401
0.0,5.75,7,basin64,49,110007,1.0000646656044758,0.9999999999999998,0.00646656044760441,,,4000,False,True,False,False,3289.95476770401
0.0,5.75,7,basin64,50,110007,1.0000014063698979,0.9999999999999998,0.00014063698980937292,,,3533,True,False,False,False,3289.95476770401
0.0,5.75,7,basin64,51,110007,1.0000048082737683,0.9999999999999998,0.00048082737684751475,,,4000,False,True,False,False,3289.95476770401
0.0,5.75,7,basin64,52,110007,1.0000018959311705,0.9999999999999998,0.00018959311707256182,,,3374,True,False,False,False,3289.95476770401
0.0,5.75,7,basin64,53,110007,1.0000007795525065,0.9999999999999998,7.79552506768866e-05,,,1829,True,False,False,False,3289.95476770401
0.0,5.75,7,basin64,54,110007,1.000000905687744,0.9999999999999998,9.05687744134909e-05,,,3235,True,False,False,False,3289.95476770401
0.0,5.75,7,basin64,55,110007,1.0000253227696048,0.9999999999999998,0.002532276960498515,,,4000,False,True,False,False,3289.95476770401
0.0,5.75,7,basin64,56,110007,1.000000399128105,0.9999999999999998,3.9912810523290445e-05,,,1437,True,False,False,False,3289.95476770401
0.0,5.75,7,basin64,57,110007,1.001324684881269,0.9999999999999998,0.1324684881269134,,,4000,False,True,False,False,3289.95476770401
0.0,5.75,7,basin64,58,110007,1.0002344588570014,0.9999999999999998,0.023445885700157383,,,4000,False,True,False,False,3289.95476770401
0.0,5.75,7,basin64,59,110007,1.0000324898770714,0.9999999999999998,0.003248987707160645,,,4000,False,True,False,False,3289.95476770401
0.0,5.75,7,basin64,60,110007,1.000005110777443,0.9999999999999998,0.0005110777443251281,,,4000,False,True,False,False,3289.95476770401
0.0,5.75,7,basin64,61,110007,1.0000013684459876,0.9999999999999998,0.0001368445987859346,,,3473,True,False,False,False,3289.95476770401
0.0,5.75,7,basin64,62,110007,1.0000804351502324,0.9999999999999998,0.008043515023259397,,,4000,False,True,False,False,3289.95476770401
0.0,5.75,7,basin64,63,110007,1.000984458926451,0.9999999999999998,0.09844589264511597,,,4000,False,True,False,False,3289.95476770401
0.0,5.5,6,basin64,0,110006,1.0024824222800999,0.43396031512367017,131.00785655813067,,,4000,False,True,False,False,3379.7395191192627
0.0,5.5,6,basin64,1,110006,1.0000077118866817,0.43396031512367017,130.43759464542262,,,4000,False,True,False,False,3379.7395191192627
0.0,5.5,6,basin64,2,110006,1.0000252596945562,0.43396031512367017,130.4416382888764,,,4000,False,True,False,False,3379.7395191192627
0.0,5.5,6,basin64,3,110006,1.0006758941553573,0.43396031512367017,130.59156777277764,,,4000,False,True,False,False,3379.7395191192627
0.0,5.5,6,basin64,4,110006,0.49198414861169776,0.43396031512367017,13.370769507228314,,,4000,False,True,False,False,3379.7395191192627
0.0,5.5,6,basin64,5,110006,1.000000255871191,0.43396031512367017,130.43587651239733,,,2473,True,False,False,False,3379.7395191192627
0.0,5.5,6,basin64,6,110006,1.0000963204849063,0.43396031512367017,130.4580132401965,,,4000,False,True,False,False,3379.7395191192627
0.0,5.5,6,basin64,7,110006,1.000529955924949,0.43396031512367017,130.55793837734163,,,4000,False,True,False,False,3379.7395191192627
0.0,5.5,6,basin64,8,110006,0.512441062510625,0.43396031512367017,18.084775186088017,,,4000,False,True,False,False,3379.7395191192627
0.0,5.5,6,basin64,9,110006,1.0008338401453325,0.43396031512367017,130.6279641861064,,,4000,False,True,False,False,3379.7395191192627
0.0,5.5,6,basin64,10,110006,1.0007414248958046,0.43396031512367017,130.6066684025273,,,4000,False,True,False,False,3379.7395191192627
0.0,5.5,6,basin64,11,110006,1.0007549868376668,0.43396031512367017,130.6097935596879,,,4000,False,True,False,False,3379.7395191192627
0.0,5.5,6,basin64,12,110006,1.001780162558957,0.43396031512367017,130.84603076515634,,,4000,False,True,False,False,3379.7395191192627
0.0,5.5,6,basin64,13,110006,1.0000027688750297,0.43396031512367017,130.43645559849145,,,3544,True,False,False,False,3379.7395191192627
0.0,5.5,6,basin64,14,110006,1.0013421388200754,0.43396031512367017,130.74509440678062,,,4000,False,True,False,False,3379.7395191192627
0.0,5.5,6,basin64,15,110006,1.0000089509072758,0.43396031512367017,130.4378801601462,,,4000,False,True,False,False,3379.7395191192627
0.0,5.5,6,basin64,16,110006,1.000282640044862,0.43396031512367017,130.50094794032051,,,4000,False,True,False,False,3379.7395191192627
0.0,5.5,6,basin64,17,110006,1.000195700344681,0.43396031512367017,130.48091391943177,,,4000,False,True,False,False,3379.7395191192627
0.0,5.5,6,basin64,18,110006,1.0002410895454852,0.43396031512367017,130.49137321702702,,,4000,False,True,False,False,3379.7395191192627
0.0,5.5,6,basin64,19,110006,1.0018303196386742,0.43396031512367017,130.85758875282693,,,4000,False,True,False,False,3379.7395191192627
0.0,5.5,6,basin64,20,110006,1.001741644197217,0.43396031512367017,130.83715475497803,,,4000,False,True,False,False,3379.7395191192627
0.0,5.5,6,basin64,21,110006,1.0015200701207925,0.43396031512367017,130.7860961515292,,,4000,False,True,False,False,3379.7395191192627
0.0,5.5,6,basin64,22,110006,1.0000004378059595,0.43396031512367017,130.43591843668446,,,2614,True,False,False,False,3379.7395191192627
0.0,5.5,6,basin64,23,110006,1.000001604066287,0.43396031512367017,130.43618718483648,,,3814,True,False,False,False,3379.7395191192627
0.0,5.5,6,basin64,24,110006,0.984423797016118,0.43396031512367017,126.84650248158673,,,4000,False,True,False,False,3379.7395191192627
0.0,5.5,6,basin64,25,110006,1.0000027306952743,0.43396031512367017,130.4364468005083,,,3533,True,False,False,False,3379.7395191192627
0.0,5.5,6,basin64,26,110006,1.000002487125093,0.43396031512367017,130.43639067321442,,,3883,True,False,False,False,3379.7395191192627
0.0,5.5,6,basin64,27,110006,1.0003326011630191,0.43396031512367017,130.51246077142883,,,4000,False,True,False,False,3379.7395191192627
0.0,5.5,6,basin64,28,110006,1.0000012062976391,0.43396031512367017,130.43609552469294,,,2474,True,False,False,False,3379.7395191192627
0.0,5.5,6,basin64,29,110006,1.000231470495582,0.43396031512367017,130.4891566433985,,,4000,False,True,False,False,3379.7395191192627
0.0,5.5,6,basin64,30,110006,1.0005927352500397,0.43396031512367017,130.57240498244417,,,4000,False,True,False,False,3379.7395191192627
0.0,5.5,6,basin64,31,110006,0.9005538537764116,0.43396031512367017,107.51986354323009,,,4000,False,True,False,False,3379.7395191192627
0.0,5.5,6,basin64,32,110006,0.46809791923270266,0.43396031512367017,7.866526712080561,,,4000,False,True,False,False,3379.7395191192627
0.0,5.5,6,basin64,33,110006,1.0000001031131593,0.43396031512367017,130.43584131147543,,,921,True,False,False,False,3379.7395191192627
0.0,5.5,6,basin64,34,110006,0.45915732350286104,0.43396031512367017,5.806293225685905,,,4000,False,True,False,False,3379.7395191192627
0.0,5.5,6,basin64,35,110006,0.9971574893397835,0.43396031512367017,129.78080128262727,,,4000,False,True,False,False,3379.7395191192627
0.0,5.5,6,basin64,36,110006,1.0000020049604004,0.43396031512367017,130.43627956519927,,,3497,True,False,False,False,3379.7395191192627
0.0,5.5,6,basin64,37,110006,0.44175448000569506,0.43396031512367017,1.796054756712882,,,4000,False,True,False,False,3379.7395191192627
0.0,5.5,6,basin64,38,110006,1.0000001457600929,0.43396031512367017,130.43585113885644,,,1238,True,False,False,False,3379.7395191192627
0.0,5.5,6,basin64,39,110006,0.45632180106404246,0.43396031512367017,5.15288729431393,,,4000,False,True,False,False,3379.7395191192627
0.0,5.5,6,basin64,40,110006,1.0005296567272737,0.43396031512367017,130.5578694314807,,,4000,False,True,False,False,3379.7395191192627
0.0,5.5,6,basin64,41,110006,1.0009322826238756,0.43396031512367017,130.65064885913117,,,4000,False,True,False,False,3379.7395191192627
0.0,5.5,6,basin64,42,110006,1.000014963563168,0.43396031512367017,130.43926569142238,,,4000,False,True,False,False,3379.7395191192627
0.0,5.5,6,basin64,43,110006,0.45511974641527453,0.43396031512367017,4.8758908485846995,,,4000,False,True,False,False,3379.7395191192627
0.0,5.5,6,basin64,44,110006,1.0000236441251809,0.43396031512367017,130.44126600382657,,,4000,False,True,False,False,3379.7395191192627
0.0,5.5,6,basin64,45,110006,1.000001095868864,0.43396031512367017,130.43607007794787,,,2833,True,False,False,False,3379.7395191192627
0.0,5.5,6,basin64,46,110006,1.000000933050353,0.43396031512367017,130.43603255873117,,,2635,True,False,False,False,3379.7395191192627
0.0,5.5,6,basin64,47,110006,0.4466584957255345,0.43396031512367017,2.9261156283946392,,,4000,False,True,False,False,3379.7395191192627
0.0,5.5,6,basin64,48,110006,1.0000004824301132,0.43396031512367017,130.4359287196878,,,2509,True,False,False,False,3379.7395191192627
0.0,5.5,6,basin64,49,110006,1.0002148007824103,0.43396031512367017,130.48531534441548,,,4000,False,True,False,False,3379.7395191192627
0.0,5.5,6,basin64,50,110006,1.0006667735847268,0.43396031512367017,130.58946606662786,,,4000,False,True,False,False,3379.7395191192627
0.0,5.5,6,basin64,51,110006,1.0000488005791155,0.43396031512367017,130.44706295185568,,,4000,False,True,False,False,3379.7395191192627
0.0,5.5,6,basin64,52,110006,1.0000113702961713,0.43396031512367017,130.4384376740043,,,4000,False,True,False,False,3379.7395191192627
0.0,5.5,6,basin64,53,110006,1.0004514872627643,0.43396031512367017,130.53985638701903,,,4000,False,True,False,False,3379.7395191192627
0.0,5.5,6,basin64,54,110006,0.44056473921405476,0.43396031512367017,1.5218958647180572,0.9988981837066755,1.8886801803338484e-16,4000,False,True,False,True,3379.7395191192627
0.0,5.5,6,basin64,55,110006,0.45196579587827446,0.43396031512367017,4.149107678077217,,,4000,False,True,False,False,3379.7395191192627
0.0,5.5,6,basin64,56,110006,1.0000002986965024,0.43396031512367017,130.435886380883,,,1540,True,False,False,False,3379.7395191192627
0.0,5.5,6,basin64,57,110006,1.000341146787736,0.43396031512367017,130.5144299894469,,,4000,False,True,False,False,3379.7395191192627
0.0,5.5,6,basin64,58,110006,1.0000001279002724,0.43396031512367017,130.4358470233141,,,1572,True,False,False,False,3379.7395191192627
0.0,5.5,6,basin64,59,110006,1.0004381194592704,0.43396031512367017,130.53677596629203,,,4000,False,True,False,False,3379.7395191192627
0.0,5.5,6,basin64,60,110006,1.00000028107501,0.43396031512367017,130.43588232025996,,,1023,True,False,False,False,3379.7395191192627
0.0,5.5,6,basin64,61,110006,1.0000008403073417,0.43396031512367017,130.43601118741955,,,2673,True,False,False,False,3379.7395191192627
0.0,5.5,6,basin64,62,110006,0.4437172634206133,0.43396031512367017,2.2483503576041475,,,4000,False,True,False,False,3379.7395191192627
0.0,5.5,6,basin64,63,110006,1.000018911890387,0.43396031512367017,130.44017552743304,,,1232,True,False,False,False,3379.7395191192627
0.0,5.25,5,basin64,0,110005,1.0015276031735336,-1.566039684876273,163.9528878383858,,,4000,False,True,False,False,3477.5543212890625
0.0,5.25,5,basin64,1,110005,-1.5598607379224714,-1.566039684876273,0.3945587722631555,,,4000,False,True,False,False,3477.5543212890625
0.0,5.25,5,basin64,2,110005,1.0001748308111136,-1.566039684876273,163.86650609624454,,,4000,False,True,False,False,3477.5543212890625
0.0,5.25,5,basin64,3,110005,1.0049093954547899,-1.566039684876273,164.1688333418054,,,4000,False,True,False,False,3477.5543212890625
0.0,5.25,5,basin64,4,110005,1.000765130986966,-1.566039684876273,163.90419991598316,,,4000,False,True,False,False,3477.5543212890625
0.0,5.25,5,basin64,5,110005,-1.5547188793995437,-1.566039684876273,0.7228939078656699,,,4000,False,True,False,False,3477.5543212890625
0.0,5.25,5,basin64,6,110005,-1.5568755186604644,-1.566039684876273,0.5851809698253367,,,4000,False,True,False,False,3477.5543212890625
0.0,5.25,5,basin64,7,110005,1.0011232975847437,-1.566039684876273,163.92707076665423,,,4000,False,True,False,False,3477.5543212890625
0.0,5.25,5,basin64,8,110005,1.0000167684388983,-1.566039684876273,163.8564129693754,,,2827,True,False,False,False,3477.5543212890625
0.0,5.25,5,basin64,9,110005,1.0000114315220703,-1.566039684876273,163.856072178725,,,1914,True,False,False,False,3477.5543212890625
0.0,5.25,5,basin64,10,110005,1.0000006411269053,-1.566039684876273,163.8553831543491,,,1814,True,False,False,False,3477.5543212890625
0.0,5.25,5,basin64,11,110005,1.0010084243186599,-1.566039684876273,163.91973549493707,,,4000,False,True,False,False,3477.5543212890625
0.0,5.25,5,basin64,12,110005,0.7650970664004068,-1.566039684876273,148.8555350026685,,,4000,False,True,False,False,3477.5543212890625
0.0,5.25,5,basin64,13,110005,-1.549561056443604,-1.566039684876273,1.052248457801433,,,4000,False,True,False,False,3477.5543212890625
0.0,5.25,5,basin64,14,110005,1.0000034227826209,-1.566039684876273,163.85556077792674,,,2980,True,False,False,False,3477.5543212890625
0.0,5.25,5,basin64,15,110005,-1.5599912825033686,-1.566039684876273,0.3862228033756529,,,2622,True,False,False,False,3477.5543212890625
0.0,5.25,5,basin64,16,110005,-1.559277556813936,-1.566039684876273,0.431798001521982,,,4000,False,True,False,False,3477.5543212890625
0.0,5.25,5,basin64,17,110005,1.0001673654270595,-1.566039684876273,163.866029391591,,,4000,False,True,False,False,3477.5543212890625
0.0,5.25,5,basin64,18,110005,1.0041667919666795,-1.566039684876273,164.12141414194207,,,4000,False,True,False,False,3477.5543212890625
0.0,5.25,5,basin64,19,110005,1.0000171504556135,-1.566039684876273,163.8564373631835,,,4000,False,True,False,False,3477.5543212890625
0.0,5.25,5,basin64,20,110005,-1.5507223211969103,-1.566039684876273,0.9780954995768717,,,4000,False,True,False,False,3477.5543212890625
0.0,5.25,5,basin64,21,110005,1.0023747069838782,-1.566039684876273,164.00697994208699,,,4000,False,True,False,False,3477.5543212890625
0.0,5.25,5,basin64,22,110005,-1.5535840581216782,-1.566039684876273,0.7953583089165998,,,4000,False,True,False,False,3477.5543212890625
0.0,5.25,5,basin64,23,110005,1.0000009684980142,-1.566039684876273,163.8554040587433,,,3215,True,False,False,False,3477.5543212890625
0.0,5.25,5,basin64,24,110005,-1.5593705261311142,-1.566039684876273,0.42586141395808486,,,4000,False,True,False,False,3477.5543212890625
0.0,5.25,5,basin64,25,110005,1.0000003210654436,-1.566039684876273,163.85536271671492,,,2849,True,False,False,False,3477.5543212890625
0.0,5.25,5,basin64,26,110005,1.0000020697418486,-1.566039684876273,163.8554743790452,,,2027,True,False,False,False,3477.5543212890625
0.0,5.25,5,basin64,27,110005,1.001962159783695,-1.566039684876273,163.98063659943944,,,4000,False,True,False,False,3477.5543212890625
0.0,5.25,5,basin64,28,110005,1.0013229235483176,-1.566039684876273,163.93981795087325,,,4000,False,True,False,False,3477.5543212890625
0.0,5.25,5,basin64,29,110005,1.0000629450021847,-1.566039684876273,163.85936158962636,,,4000,False,True,False,False,3477.5543212890625
0.0,5.25,5,basin64,30,110005,-1.5599887580738694,-1.566039684876273,0.386384001685223,,,4000,False,True,False,False,3477.5543212890625
0.0,5.25,5,basin64,31,110005,-1.5599911744213841,-1.566039684876273,0.38622970498775877,,,2956,True,False,False,False,3477.5543212890625
0.0,5.25,5,basin64,32,110005,-1.5596354161441586,-1.566039684876273,0.40894677152580544,,,4000,False,True,False,False,3477.5543212890625
0.0,5.25,5,basin64,33,110005,1.0030986451581376,-1.566039684876273,164.0532072619468,,,4000,False,True,False,False,3477.5543212890625
0.0,5.25,5,basin64,34,110005,1.0000012281063833,-1.566039684876273,163.85542063612453,,,2891,True,False,False,False,3477.5543212890625
0.0,5.25,5,basin64,35,110005,0.6044177240514451,-1.566039684876273,138.59530061009903,,,4000,False,True,False,False,3477.5543212890625
0.0,5.25,5,basin64,36,110005,1.00080617653795,-1.566039684876273,163.9068208936876,,,4000,False,True,False,False,3477.5543212890625
0.0,5.25,5,basin64,37,110005,1.0000009357508417,-1.566039684876273,163.85540196766138,,,3125,True,False,False,False,3477.5543212890625
0.0,5.25,5,basin64,38,110005,-1.5592785106427627,-1.566039684876273,0.4317370944558457,,,4000,False,True,False,False,3477.5543212890625
0.0,5.25,5,basin64,39,110005,-1.5175631712175588,-1.566039684876273,3.095484369065918,,,4000,False,True,False,False,3477.5543212890625
0.0,5.25,5,basin64,40,110005,-1.5545462873092257,-1.566039684876273,0.7339148348565196,,,4000,False,True,False,False,3477.5543212890625
0.0,5.25,5,basin64,41,110005,-1.5599922871265701,-1.566039684876273,0.3861586528173229,0.9998742841307013,-7.498884325987917e-16,2863,True,False,False,True,3477.5543212890625
0.0,5.25,5,basin64,42,110005,-1.5518384691190015,-1.566039684876273,0.9068234920492132,,,4000,False,True,False,False,3477.5543212890625
0.0,5.25,5,basin64,43,110005,1.0058300030844138,-1.566039684876273,164.22761905704076,,,4000,False,True,False,False,3477.5543212890625
0.0,5.25,5,basin64,44,110005,-1.5272209590622765,-1.566039684876273,2.4787830212018798,,,4000,False,True,False,False,3477.5543212890625
0.0,5.25,5,basin64,45,110005,1.0000012684427486,-1.566039684876273,163.85542321181694,,,2867,True,False,False,False,3477.5543212890625
0.0,5.25,5,basin64,46,110005,1.0005416786645998,-1.566039684876273,163.8899312914697,,,4000,False,True,False,False,3477.5543212890625
0.0,5.25,5,basin64,47,110005,-1.5588468757732357,-1.566039684876273,0.459299286761408,,,4000,False,True,False,False,3477.5543212890625
0.0,5.25,5,basin64,48,110005,1.0000003850109027,-1.566039684876273,163.8553667999741,,,2360,True,False,False,False,3477.5543212890625
0.0,5.25,5,basin64,49,110005,1.000388095519108,-1.566039684876273,163.88012418715593,,,4000,False,True,False,False,3477.5543212890625
0.0,5.25,5,basin64,50,110005,1.0002122144879817,-1.566039684876273,163.8688932437242,,,4000,False,True,False,False,3477.5543212890625
0.0,5.25,5,basin64,51,110005,-1.5599911114458829,-1.566039684876273,0.38623372630994274,,,3822,True,False,False,False,3477.5543212890625
0.0,5.25,5,basin64,52,110005,-1.5599300694582838,-1.566039684876273,0.3901315833175616,,,4000,False,True,False,False,3477.5543212890625
0.0,5.25,5,basin64,53,110005,-1.5594646485398818,-1.566039684876273,0.41985119533613197,,,4000,False,True,False,False,3477.5543212890625
0.0,5.25,5,basin64,54,110005,1.0006366351888611,-1.566039684876273,163.89599477282198,,,4000,False,True,False,False,3477.5543212890625
0.0,5.25,5,basin64,55,110005,1.0000107070323518,-1.566039684876273,163.8560259161861,,,4000,False,True,False,False,3477.5543212890625
0.0,5.25,5,basin64,56,110005,1.0008671925037698,-1.566039684876273,163.91071708906563,,,4000,False,True,False,False,3477.5543212890625
0.0,5.25,5,basin64,57,110005,1.0002136397194474,-1.566039684876273,163.8689842523672,,,4000,False,True,False,False,3477.5543212890625
0.0,5.25,5,basin64,58,110005,-1.5562066063324373,-1.566039684876273,0.6278945954433149,,,4000,False,True,False,False,3477.5543212890625
0.0,5.25,5,basin64,59,110005,1.0000061933984616,-1.566039684876273,163.8557376965494,,,4000,False,True,False,False,3477.5543212890625
0.0,5.25,5,basin64,60,110005,1.0000023174633998,-1.566039684876273,163.85549019738963,,,3456,True,False,False,False,3477.5543212890625
0.0,5.25,5,basin64,61,110005,1.000032683770647,-1.566039684876273,163.8574292483307,,,4000,False,True,False,False,3477.5543212890625
0.0,5.25,5,basin64,62,110005,-1.559571645441588,-1.566039684876273,0.41301887156173867,,,4000,False,True,False,False,3477.5543212890625
0.0,5.25,5,basin64,63,110005,-1.5598195187457662,-1.566039684876273,0.3971908368974846,,,4000,False,True,False,False,3477.5543212890625
